Station ID;Station code;Variable;Time;Value;Validation
﻿Arquilla;6257I;Precipitación total diaria de 7 a 7;2009-01-01 07:00:00;-0.4;No supera validación por rango
﻿Arquilla;6257I;Precipitación total diaria de 7 a 7;2009-01-02 07:00:00;-0.4;No supera validación por rango
﻿Arquilla;6257I;Precipitación total diaria de 7 a 7;2009-01-03 07:00:00;-0.4;No supera validación por rango
﻿Arquilla;6257I;Precipitación total diaria de 7 a 7;2009-01-04 07:00:00;0.0;Válido por rango
﻿Arquilla;6257I;Precipitación total diaria de 7 a 7;2009-01-05 07:00:00;0.0;Válido por rango
﻿Arquilla;6257I;Precipitación total diaria de 7 a 7;2009-01-06 07:00:00;0.0;Válido por rango
﻿Arquilla;6257I;Precipitación total diaria de 7 a 7;2009-01-07 07:00:00;0.0;Válido por rango
﻿Arquilla;6257I;Precipitación total diaria de 7 a 7;2009-01-08 07:00:00;0.0;Válido por rango
﻿Arquilla;6257I;Precipitación total diaria de 7 a 7;2009-01-09 07:00:00;4.7;Válido por rango
﻿Arquilla;6257I;Precipitación total diaria de 7 a 7;2009-01-10 07:00:00;0.0;Válido por rango
﻿Arquilla;6257I;Precipitación total diaria de 7 a 7;2009-01-11 07:00:00;0.0;Válido por rango
﻿Arquilla;6257I;Precipitación total diaria de 7 a 7;2009-01-12 07:00:00;0.0;Válido por rango
﻿Arquilla;6257I;Precipitación total diaria de 7 a 7;2009-01-13 07:00:00;0.0;Válido por rango
﻿Arquilla;6257I;Precipitación total diaria de 7 a 7;2009-01-14 07:00:00;0.0;Válido por rango
﻿Arquilla;6257I;Precipitación total diaria de 7 a 7;2009-01-15 07:00:00;0.0;Válido por rango
﻿Arquilla;6257I;Precipitación total diaria de 7 a 7;2009-01-16 07:00:00;0.0;Válido por rango
﻿Arquilla;6257I;Precipitación total diaria de 7 a 7;2009-01-17 07:00:00;0.0;Válido por rango
﻿Arquilla;6257I;Precipitación total diaria de 7 a 7;2009-01-18 07:00:00;0.0;Válido por rango
﻿Arquilla;6257I;Precipitación total diaria de 7 a 7;2009-01-19 07:00:00;6.1;Válido por rango
﻿Arquilla;6257I;Precipitación total diaria de 7 a 7;2009-01-20 07:00:00;0.0;Válido por rango
﻿Arquilla;6257I;Precipitación total diaria de 7 a 7;2009-01-21 07:00:00;0.0;Válido por rango
﻿Arquilla;6257I;Precipitación total diaria de 7 a 7;2009-01-22 07:00:00;15.6;Válido por rango
﻿Arquilla;6257I;Precipitación total diaria de 7 a 7;2009-01-23 07:00:00;7.8;Válido por rango
﻿Arquilla;6257I;Precipitación total diaria de 7 a 7;2009-01-24 07:00:00;0.0;Válido por rango
﻿Arquilla;6257I;Precipitación total diaria de 7 a 7;2009-01-25 07:00:00;2.0;Válido por rango
﻿Arquilla;6257I;Precipitación total diaria de 7 a 7;2009-01-26 07:00:00;1.5;Válido por rango
﻿Arquilla;6257I;Precipitación total diaria de 7 a 7;2009-01-27 07:00:00;0.0;Válido por rango
﻿Arquilla;6257I;Precipitación total diaria de 7 a 7;2009-01-28 07:00:00;0.0;Válido por rango
﻿Arquilla;6257I;Precipitación total diaria de 7 a 7;2009-01-29 07:00:00;0.0;Válido por rango
﻿Arquilla;6257I;Precipitación total diaria de 7 a 7;2009-01-30 07:00:00;6.1;Válido por rango
﻿Arquilla;6257I;Precipitación total diaria de 7 a 7;2009-01-31 07:00:00;4.1;Válido por rango
﻿Arquilla;6257I;Precipitación total diaria de 7 a 7;2009-02-01 07:00:00;37.6;Válido por rango
﻿Arquilla;6257I;Precipitación total diaria de 7 a 7;2009-02-02 07:00:00;14.0;Válido por rango
﻿Arquilla;6257I;Precipitación total diaria de 7 a 7;2009-02-03 07:00:00;4.8;Válido por rango
﻿Arquilla;6257I;Precipitación total diaria de 7 a 7;2009-02-04 07:00:00;11.7;Válido por rango
﻿Arquilla;6257I;Precipitación total diaria de 7 a 7;2009-02-05 07:00:00;15.1;Válido por rango
﻿Arquilla;6257I;Precipitación total diaria de 7 a 7;2009-02-06 07:00:00;2.2;Válido por rango
﻿Arquilla;6257I;Precipitación total diaria de 7 a 7;2009-02-07 07:00:00;0.0;Válido por rango
﻿Arquilla;6257I;Precipitación total diaria de 7 a 7;2009-02-08 07:00:00;0.0;Válido por rango
﻿Arquilla;6257I;Precipitación total diaria de 7 a 7;2009-02-09 07:00:00;0.0;Válido por rango
﻿Arquilla;6257I;Precipitación total diaria de 7 a 7;2009-02-10 07:00:00;0.0;Válido por rango
﻿Arquilla;6257I;Precipitación total diaria de 7 a 7;2009-02-11 07:00:00;0.0;Válido por rango
﻿Arquilla;6257I;Precipitación total diaria de 7 a 7;2009-02-12 07:00:00;0.0;Válido por rango
﻿Arquilla;6257I;Precipitación total diaria de 7 a 7;2009-02-13 07:00:00;0.0;Válido por rango
﻿Arquilla;6257I;Precipitación total diaria de 7 a 7;2009-02-14 07:00:00;0.0;Válido por rango
﻿Arquilla;6257I;Precipitación total diaria de 7 a 7;2009-02-15 07:00:00;0.0;Válido por rango
﻿Arquilla;6257I;Precipitación total diaria de 7 a 7;2009-02-16 07:00:00;0.0;Válido por rango
﻿Arquilla;6257I;Precipitación total diaria de 7 a 7;2009-02-17 07:00:00;0.0;Válido por rango
﻿Arquilla;6257I;Precipitación total diaria de 7 a 7;2009-02-18 07:00:00;0.0;Válido por rango
﻿Arquilla;6257I;Precipitación total diaria de 7 a 7;2009-02-19 07:00:00;0.0;Válido por rango
﻿Arquilla;6257I;Precipitación total diaria de 7 a 7;2009-02-20 07:00:00;0.0;Válido por rango
﻿Arquilla;6257I;Precipitación total diaria de 7 a 7;2009-02-21 07:00:00;0.0;Válido por rango
﻿Arquilla;6257I;Precipitación total diaria de 7 a 7;2009-02-22 07:00:00;0.0;Válido por rango
﻿Arquilla;6257I;Precipitación total diaria de 7 a 7;2009-02-23 07:00:00;0.0;Válido por rango
﻿Arquilla;6257I;Precipitación total diaria de 7 a 7;2009-02-24 07:00:00;0.0;Válido por rango
﻿Arquilla;6257I;Precipitación total diaria de 7 a 7;2009-02-25 07:00:00;0.0;Válido por rango
﻿Arquilla;6257I;Precipitación total diaria de 7 a 7;2009-02-26 07:00:00;0.0;Válido por rango
﻿Arquilla;6257I;Precipitación total diaria de 7 a 7;2009-02-27 07:00:00;6.3;Válido por rango
﻿Arquilla;6257I;Precipitación total diaria de 7 a 7;2009-02-28 07:00:00;3.0;Válido por rango
﻿Arquilla;6257I;Precipitación total diaria de 7 a 7;2009-03-01 07:00:00;0.0;Válido por rango
﻿Arquilla;6257I;Precipitación total diaria de 7 a 7;2009-03-02 07:00:00;-0.4;No supera validación por rango
﻿Arquilla;6257I;Precipitación total diaria de 7 a 7;2009-03-03 07:00:00;-0.4;No supera validación por rango
﻿Arquilla;6257I;Precipitación total diaria de 7 a 7;2009-03-04 07:00:00;-0.4;No supera validación por rango
﻿Arquilla;6257I;Precipitación total diaria de 7 a 7;2009-03-05 07:00:00;-0.4;No supera validación por rango
﻿Arquilla;6257I;Precipitación total diaria de 7 a 7;2009-03-06 07:00:00;0.0;Válido por rango
﻿Arquilla;6257I;Precipitación total diaria de 7 a 7;2009-03-07 07:00:00;0.0;Válido por rango
﻿Arquilla;6257I;Precipitación total diaria de 7 a 7;2009-03-08 07:00:00;0.0;Válido por rango
﻿Arquilla;6257I;Precipitación total diaria de 7 a 7;2009-03-09 07:00:00;0.0;Válido por rango
﻿Arquilla;6257I;Precipitación total diaria de 7 a 7;2009-03-10 07:00:00;0.0;Válido por rango
﻿Arquilla;6257I;Precipitación total diaria de 7 a 7;2009-03-11 07:00:00;0.0;Válido por rango
﻿Arquilla;6257I;Precipitación total diaria de 7 a 7;2009-03-12 07:00:00;0.0;Válido por rango
﻿Arquilla;6257I;Precipitación total diaria de 7 a 7;2009-03-13 07:00:00;0.0;Válido por rango
﻿Arquilla;6257I;Precipitación total diaria de 7 a 7;2009-03-14 07:00:00;0.0;Válido por rango
﻿Arquilla;6257I;Precipitación total diaria de 7 a 7;2009-03-15 07:00:00;0.0;Válido por rango
﻿Arquilla;6257I;Precipitación total diaria de 7 a 7;2009-03-16 07:00:00;0.0;Válido por rango
﻿Arquilla;6257I;Precipitación total diaria de 7 a 7;2009-03-17 07:00:00;0.0;Válido por rango
﻿Arquilla;6257I;Precipitación total diaria de 7 a 7;2009-03-18 07:00:00;0.0;Válido por rango
﻿Arquilla;6257I;Precipitación total diaria de 7 a 7;2009-03-19 07:00:00;0.0;Válido por rango
﻿Arquilla;6257I;Precipitación total diaria de 7 a 7;2009-03-20 07:00:00;0.0;Válido por rango
﻿Arquilla;6257I;Precipitación total diaria de 7 a 7;2009-03-21 07:00:00;0.4;Válido por rango
﻿Arquilla;6257I;Precipitación total diaria de 7 a 7;2009-03-22 07:00:00;0.0;Válido por rango
﻿Arquilla;6257I;Precipitación total diaria de 7 a 7;2009-03-23 07:00:00;0.0;Válido por rango
﻿Arquilla;6257I;Precipitación total diaria de 7 a 7;2009-03-24 07:00:00;0.0;Válido por rango
﻿Arquilla;6257I;Precipitación total diaria de 7 a 7;2009-03-25 07:00:00;0.0;Válido por rango
﻿Arquilla;6257I;Precipitación total diaria de 7 a 7;2009-03-26 07:00:00;0.0;Válido por rango
﻿Arquilla;6257I;Precipitación total diaria de 7 a 7;2009-03-27 07:00:00;0.0;Válido por rango
﻿Arquilla;6257I;Precipitación total diaria de 7 a 7;2009-03-28 07:00:00;1.5;Válido por rango
﻿Arquilla;6257I;Precipitación total diaria de 7 a 7;2009-03-29 07:00:00;0.0;Válido por rango
﻿Arquilla;6257I;Precipitación total diaria de 7 a 7;2009-03-30 07:00:00;0.0;Válido por rango
﻿Arquilla;6257I;Precipitación total diaria de 7 a 7;2009-03-31 07:00:00;1.0;Válido por rango
﻿Arquilla;6257I;Precipitación total diaria de 7 a 7;2009-04-01 07:00:00;0.0;Válido por rango
﻿Arquilla;6257I;Precipitación total diaria de 7 a 7;2009-04-02 07:00:00;0.0;Válido por rango
﻿Arquilla;6257I;Precipitación total diaria de 7 a 7;2009-04-03 07:00:00;0.0;Válido por rango
﻿Arquilla;6257I;Precipitación total diaria de 7 a 7;2009-04-04 07:00:00;0.0;Válido por rango
﻿Arquilla;6257I;Precipitación total diaria de 7 a 7;2009-04-05 07:00:00;0.0;Válido por rango
﻿Arquilla;6257I;Precipitación total diaria de 7 a 7;2009-04-06 07:00:00;0.0;Válido por rango
﻿Arquilla;6257I;Precipitación total diaria de 7 a 7;2009-04-07 07:00:00;0.0;Válido por rango
﻿Arquilla;6257I;Precipitación total diaria de 7 a 7;2009-04-08 07:00:00;0.0;Válido por rango
﻿Arquilla;6257I;Precipitación total diaria de 7 a 7;2009-04-09 07:00:00;0.0;Válido por rango
﻿Arquilla;6257I;Precipitación total diaria de 7 a 7;2009-04-10 07:00:00;0.0;Válido por rango
﻿Arquilla;6257I;Precipitación total diaria de 7 a 7;2009-04-11 07:00:00;0.5;Válido por rango
﻿Arquilla;6257I;Precipitación total diaria de 7 a 7;2009-04-12 07:00:00;0.0;Válido por rango
﻿Arquilla;6257I;Precipitación total diaria de 7 a 7;2009-04-13 07:00:00;0.0;Válido por rango
﻿Arquilla;6257I;Precipitación total diaria de 7 a 7;2009-04-14 07:00:00;0.0;Válido por rango
﻿Arquilla;6257I;Precipitación total diaria de 7 a 7;2009-04-15 07:00:00;8.2;Válido por rango
﻿Arquilla;6257I;Precipitación total diaria de 7 a 7;2009-04-16 07:00:00;0.1;Válido por rango
﻿Arquilla;6257I;Precipitación total diaria de 7 a 7;2009-04-17 07:00:00;1.6;Válido por rango
﻿Arquilla;6257I;Precipitación total diaria de 7 a 7;2009-04-18 07:00:00;-0.4;No supera validación por rango
﻿Arquilla;6257I;Precipitación total diaria de 7 a 7;2009-04-19 07:00:00;-0.4;No supera validación por rango
﻿Arquilla;6257I;Precipitación total diaria de 7 a 7;2009-04-20 07:00:00;0.0;Válido por rango
﻿Arquilla;6257I;Precipitación total diaria de 7 a 7;2009-04-21 07:00:00;0.0;Válido por rango
﻿Arquilla;6257I;Precipitación total diaria de 7 a 7;2009-04-22 07:00:00;0.0;Válido por rango
﻿Arquilla;6257I;Precipitación total diaria de 7 a 7;2009-04-23 07:00:00;0.0;Válido por rango
﻿Arquilla;6257I;Precipitación total diaria de 7 a 7;2009-04-24 07:00:00;0.0;Válido por rango
﻿Arquilla;6257I;Precipitación total diaria de 7 a 7;2009-04-25 07:00:00;0.0;Válido por rango
﻿Arquilla;6257I;Precipitación total diaria de 7 a 7;2009-04-26 07:00:00;5.7;Válido por rango
﻿Arquilla;6257I;Precipitación total diaria de 7 a 7;2009-04-27 07:00:00;0.0;Válido por rango
﻿Arquilla;6257I;Precipitación total diaria de 7 a 7;2009-04-28 07:00:00;0.0;Válido por rango
﻿Arquilla;6257I;Precipitación total diaria de 7 a 7;2009-04-29 07:00:00;0.0;Válido por rango
﻿Arquilla;6257I;Precipitación total diaria de 7 a 7;2009-04-30 07:00:00;0.0;Válido por rango
﻿Arquilla;6257I;Precipitación total diaria de 7 a 7;2009-05-01 07:00:00;0.0;Válido por rango
﻿Arquilla;6257I;Precipitación total diaria de 7 a 7;2009-05-02 07:00:00;0.0;Válido por rango
﻿Arquilla;6257I;Precipitación total diaria de 7 a 7;2009-05-03 07:00:00;0.0;Válido por rango
﻿Arquilla;6257I;Precipitación total diaria de 7 a 7;2009-05-04 07:00:00;0.0;Válido por rango
﻿Arquilla;6257I;Precipitación total diaria de 7 a 7;2009-05-05 07:00:00;0.0;Válido por rango
﻿Arquilla;6257I;Precipitación total diaria de 7 a 7;2009-05-06 07:00:00;0.0;Válido por rango
﻿Arquilla;6257I;Precipitación total diaria de 7 a 7;2009-05-07 07:00:00;0.0;Válido por rango
﻿Arquilla;6257I;Precipitación total diaria de 7 a 7;2009-05-08 07:00:00;0.0;Válido por rango
﻿Arquilla;6257I;Precipitación total diaria de 7 a 7;2009-05-09 07:00:00;4.6;Válido por rango
﻿Arquilla;6257I;Precipitación total diaria de 7 a 7;2009-05-10 07:00:00;0.0;Válido por rango
﻿Arquilla;6257I;Precipitación total diaria de 7 a 7;2009-05-11 07:00:00;0.0;Válido por rango
﻿Arquilla;6257I;Precipitación total diaria de 7 a 7;2009-05-12 07:00:00;0.0;Válido por rango
﻿Arquilla;6257I;Precipitación total diaria de 7 a 7;2009-05-13 07:00:00;0.0;Válido por rango
﻿Arquilla;6257I;Precipitación total diaria de 7 a 7;2009-05-14 07:00:00;0.0;Válido por rango
﻿Arquilla;6257I;Precipitación total diaria de 7 a 7;2009-05-15 07:00:00;0.0;Válido por rango
﻿Arquilla;6257I;Precipitación total diaria de 7 a 7;2009-05-16 07:00:00;0.0;Válido por rango
﻿Arquilla;6257I;Precipitación total diaria de 7 a 7;2009-05-17 07:00:00;0.0;Válido por rango
﻿Arquilla;6257I;Precipitación total diaria de 7 a 7;2009-05-18 07:00:00;0.0;Válido por rango
﻿Arquilla;6257I;Precipitación total diaria de 7 a 7;2009-05-19 07:00:00;0.0;Válido por rango
﻿Arquilla;6257I;Precipitación total diaria de 7 a 7;2009-05-20 07:00:00;0.0;Válido por rango
﻿Arquilla;6257I;Precipitación total diaria de 7 a 7;2009-05-21 07:00:00;0.0;Válido por rango
﻿Arquilla;6257I;Precipitación total diaria de 7 a 7;2009-05-22 07:00:00;0.0;Válido por rango
﻿Arquilla;6257I;Precipitación total diaria de 7 a 7;2009-05-23 07:00:00;0.0;Válido por rango
﻿Arquilla;6257I;Precipitación total diaria de 7 a 7;2009-05-24 07:00:00;0.0;Válido por rango
﻿Arquilla;6257I;Precipitación total diaria de 7 a 7;2009-05-25 07:00:00;0.0;Válido por rango
﻿Arquilla;6257I;Precipitación total diaria de 7 a 7;2009-05-26 07:00:00;0.0;Válido por rango
﻿Arquilla;6257I;Precipitación total diaria de 7 a 7;2009-05-27 07:00:00;0.0;Válido por rango
﻿Arquilla;6257I;Precipitación total diaria de 7 a 7;2009-05-28 07:00:00;0.0;Válido por rango
﻿Arquilla;6257I;Precipitación total diaria de 7 a 7;2009-05-29 07:00:00;0.0;Válido por rango
﻿Arquilla;6257I;Precipitación total diaria de 7 a 7;2009-05-30 07:00:00;0.0;Válido por rango
﻿Arquilla;6257I;Precipitación total diaria de 7 a 7;2009-05-31 07:00:00;0.0;Válido por rango
﻿Arquilla;6257I;Precipitación total diaria de 7 a 7;2009-07-01 07:00:00;0.0;Válido por rango
﻿Arquilla;6257I;Precipitación total diaria de 7 a 7;2009-07-02 07:00:00;0.0;Válido por rango
﻿Arquilla;6257I;Precipitación total diaria de 7 a 7;2009-07-03 07:00:00;0.0;Válido por rango
﻿Arquilla;6257I;Precipitación total diaria de 7 a 7;2009-07-04 07:00:00;0.0;Válido por rango
﻿Arquilla;6257I;Precipitación total diaria de 7 a 7;2009-07-05 07:00:00;0.0;Válido por rango
﻿Arquilla;6257I;Precipitación total diaria de 7 a 7;2009-07-06 07:00:00;0.0;Válido por rango
﻿Arquilla;6257I;Precipitación total diaria de 7 a 7;2009-07-07 07:00:00;0.0;Válido por rango
﻿Arquilla;6257I;Precipitación total diaria de 7 a 7;2009-07-08 07:00:00;0.0;Válido por rango
﻿Arquilla;6257I;Precipitación total diaria de 7 a 7;2009-07-09 07:00:00;0.0;Válido por rango
﻿Arquilla;6257I;Precipitación total diaria de 7 a 7;2009-07-10 07:00:00;0.0;Válido por rango
﻿Arquilla;6257I;Precipitación total diaria de 7 a 7;2009-07-11 07:00:00;0.0;Válido por rango
﻿Arquilla;6257I;Precipitación total diaria de 7 a 7;2009-07-12 07:00:00;0.0;Válido por rango
﻿Arquilla;6257I;Precipitación total diaria de 7 a 7;2009-07-13 07:00:00;0.0;Válido por rango
﻿Arquilla;6257I;Precipitación total diaria de 7 a 7;2009-07-14 07:00:00;0.0;Válido por rango
﻿Arquilla;6257I;Precipitación total diaria de 7 a 7;2009-07-15 07:00:00;0.0;Válido por rango
﻿Arquilla;6257I;Precipitación total diaria de 7 a 7;2009-07-16 07:00:00;0.0;Válido por rango
﻿Arquilla;6257I;Precipitación total diaria de 7 a 7;2009-07-17 07:00:00;0.0;Válido por rango
﻿Arquilla;6257I;Precipitación total diaria de 7 a 7;2009-07-18 07:00:00;0.0;Válido por rango
﻿Arquilla;6257I;Precipitación total diaria de 7 a 7;2009-07-19 07:00:00;0.0;Válido por rango
﻿Arquilla;6257I;Precipitación total diaria de 7 a 7;2009-07-20 07:00:00;0.0;Válido por rango
﻿Arquilla;6257I;Precipitación total diaria de 7 a 7;2009-07-21 07:00:00;0.0;Válido por rango
﻿Arquilla;6257I;Precipitación total diaria de 7 a 7;2009-07-22 07:00:00;0.0;Válido por rango
﻿Arquilla;6257I;Precipitación total diaria de 7 a 7;2009-07-23 07:00:00;0.0;Válido por rango
﻿Arquilla;6257I;Precipitación total diaria de 7 a 7;2009-07-24 07:00:00;0.0;Válido por rango
﻿Arquilla;6257I;Precipitación total diaria de 7 a 7;2009-07-25 07:00:00;0.0;Válido por rango
﻿Arquilla;6257I;Precipitación total diaria de 7 a 7;2009-07-26 07:00:00;0.0;Válido por rango
﻿Arquilla;6257I;Precipitación total diaria de 7 a 7;2009-07-27 07:00:00;0.0;Válido por rango
﻿Arquilla;6257I;Precipitación total diaria de 7 a 7;2009-07-28 07:00:00;0.0;Válido por rango
﻿Arquilla;6257I;Precipitación total diaria de 7 a 7;2009-07-29 07:00:00;0.0;Válido por rango
﻿Arquilla;6257I;Precipitación total diaria de 7 a 7;2009-07-30 07:00:00;0.0;Válido por rango
﻿Arquilla;6257I;Precipitación total diaria de 7 a 7;2009-07-31 07:00:00;0.0;Válido por rango
﻿Arquilla;6257I;Precipitación total diaria de 7 a 7;2009-08-01 07:00:00;0.0;Válido por rango
﻿Arquilla;6257I;Precipitación total diaria de 7 a 7;2009-08-02 07:00:00;0.0;Válido por rango
﻿Arquilla;6257I;Precipitación total diaria de 7 a 7;2009-08-03 07:00:00;0.0;Válido por rango
﻿Arquilla;6257I;Precipitación total diaria de 7 a 7;2009-08-04 07:00:00;0.0;Válido por rango
﻿Arquilla;6257I;Precipitación total diaria de 7 a 7;2009-08-05 07:00:00;0.0;Válido por rango
﻿Arquilla;6257I;Precipitación total diaria de 7 a 7;2009-08-06 07:00:00;0.0;Válido por rango
﻿Arquilla;6257I;Precipitación total diaria de 7 a 7;2009-08-07 07:00:00;0.0;Válido por rango
﻿Arquilla;6257I;Precipitación total diaria de 7 a 7;2009-08-08 07:00:00;0.0;Válido por rango
﻿Arquilla;6257I;Precipitación total diaria de 7 a 7;2009-08-09 07:00:00;0.0;Válido por rango
﻿Arquilla;6257I;Precipitación total diaria de 7 a 7;2009-08-10 07:00:00;0.4;Válido por rango
﻿Arquilla;6257I;Precipitación total diaria de 7 a 7;2009-08-11 07:00:00;8.8;Válido por rango
﻿Arquilla;6257I;Precipitación total diaria de 7 a 7;2009-08-12 07:00:00;0.0;Válido por rango
﻿Arquilla;6257I;Precipitación total diaria de 7 a 7;2009-08-13 07:00:00;0.0;Válido por rango
﻿Arquilla;6257I;Precipitación total diaria de 7 a 7;2009-08-14 07:00:00;0.0;Válido por rango
﻿Arquilla;6257I;Precipitación total diaria de 7 a 7;2009-08-15 07:00:00;0.0;Válido por rango
﻿Arquilla;6257I;Precipitación total diaria de 7 a 7;2009-08-16 07:00:00;0.0;Válido por rango
﻿Arquilla;6257I;Precipitación total diaria de 7 a 7;2009-08-17 07:00:00;0.0;Válido por rango
﻿Arquilla;6257I;Precipitación total diaria de 7 a 7;2009-08-18 07:00:00;0.0;Válido por rango
﻿Arquilla;6257I;Precipitación total diaria de 7 a 7;2009-08-19 07:00:00;0.0;Válido por rango
﻿Arquilla;6257I;Precipitación total diaria de 7 a 7;2009-08-20 07:00:00;0.0;Válido por rango
﻿Arquilla;6257I;Precipitación total diaria de 7 a 7;2009-08-21 07:00:00;0.0;Válido por rango
﻿Arquilla;6257I;Precipitación total diaria de 7 a 7;2009-08-22 07:00:00;0.0;Válido por rango
﻿Arquilla;6257I;Precipitación total diaria de 7 a 7;2009-08-23 07:00:00;0.0;Válido por rango
﻿Arquilla;6257I;Precipitación total diaria de 7 a 7;2009-08-24 07:00:00;0.0;Válido por rango
﻿Arquilla;6257I;Precipitación total diaria de 7 a 7;2009-08-25 07:00:00;0.0;Válido por rango
﻿Arquilla;6257I;Precipitación total diaria de 7 a 7;2009-08-26 07:00:00;0.0;Válido por rango
﻿Arquilla;6257I;Precipitación total diaria de 7 a 7;2009-08-27 07:00:00;0.0;Válido por rango
﻿Arquilla;6257I;Precipitación total diaria de 7 a 7;2009-08-28 07:00:00;0.0;Válido por rango
﻿Arquilla;6257I;Precipitación total diaria de 7 a 7;2009-08-29 07:00:00;0.0;Válido por rango
﻿Arquilla;6257I;Precipitación total diaria de 7 a 7;2009-08-30 07:00:00;0.0;Válido por rango
﻿Arquilla;6257I;Precipitación total diaria de 7 a 7;2009-08-31 07:00:00;0.0;Válido por rango
﻿Arquilla;6257I;Precipitación total diaria de 7 a 7;2009-09-01 07:00:00;0.0;Válido por rango
﻿Arquilla;6257I;Precipitación total diaria de 7 a 7;2009-09-02 07:00:00;0.0;Válido por rango
﻿Arquilla;6257I;Precipitación total diaria de 7 a 7;2009-09-03 07:00:00;0.0;Válido por rango
﻿Arquilla;6257I;Precipitación total diaria de 7 a 7;2009-09-04 07:00:00;0.0;Válido por rango
﻿Arquilla;6257I;Precipitación total diaria de 7 a 7;2009-09-05 07:00:00;0.0;Válido por rango
﻿Arquilla;6257I;Precipitación total diaria de 7 a 7;2009-09-06 07:00:00;0.0;Válido por rango
﻿Arquilla;6257I;Precipitación total diaria de 7 a 7;2009-09-07 07:00:00;0.0;Válido por rango
﻿Arquilla;6257I;Precipitación total diaria de 7 a 7;2009-09-08 07:00:00;0.0;Válido por rango
﻿Arquilla;6257I;Precipitación total diaria de 7 a 7;2009-09-09 07:00:00;0.0;Válido por rango
﻿Arquilla;6257I;Precipitación total diaria de 7 a 7;2009-09-10 07:00:00;0.0;Válido por rango
﻿Arquilla;6257I;Precipitación total diaria de 7 a 7;2009-09-11 07:00:00;0.0;Válido por rango
﻿Arquilla;6257I;Precipitación total diaria de 7 a 7;2009-09-12 07:00:00;0.7;Válido por rango
﻿Arquilla;6257I;Precipitación total diaria de 7 a 7;2009-09-13 07:00:00;9.1;Válido por rango
﻿Arquilla;6257I;Precipitación total diaria de 7 a 7;2009-09-14 07:00:00;9.3;Válido por rango
﻿Arquilla;6257I;Precipitación total diaria de 7 a 7;2009-09-15 07:00:00;1.1;Válido por rango
﻿Arquilla;6257I;Precipitación total diaria de 7 a 7;2009-09-16 07:00:00;0.0;Válido por rango
﻿Arquilla;6257I;Precipitación total diaria de 7 a 7;2009-09-17 07:00:00;0.8;Válido por rango
﻿Arquilla;6257I;Precipitación total diaria de 7 a 7;2009-09-18 07:00:00;0.0;Válido por rango
﻿Arquilla;6257I;Precipitación total diaria de 7 a 7;2009-09-19 07:00:00;0.0;Válido por rango
﻿Arquilla;6257I;Precipitación total diaria de 7 a 7;2009-09-20 07:00:00;0.0;Válido por rango
﻿Arquilla;6257I;Precipitación total diaria de 7 a 7;2009-09-21 07:00:00;0.0;Válido por rango
﻿Arquilla;6257I;Precipitación total diaria de 7 a 7;2009-09-22 07:00:00;0.0;Válido por rango
﻿Arquilla;6257I;Precipitación total diaria de 7 a 7;2009-09-23 07:00:00;0.0;Válido por rango
﻿Arquilla;6257I;Precipitación total diaria de 7 a 7;2009-09-24 07:00:00;0.0;Válido por rango
﻿Arquilla;6257I;Precipitación total diaria de 7 a 7;2009-09-25 07:00:00;0.0;Válido por rango
﻿Arquilla;6257I;Precipitación total diaria de 7 a 7;2009-09-26 07:00:00;4.4;Válido por rango
﻿Arquilla;6257I;Precipitación total diaria de 7 a 7;2009-09-27 07:00:00;4.4;Válido por rango
﻿Arquilla;6257I;Precipitación total diaria de 7 a 7;2009-09-28 07:00:00;0.0;Válido por rango
﻿Arquilla;6257I;Precipitación total diaria de 7 a 7;2009-09-29 07:00:00;0.0;Válido por rango
﻿Arquilla;6257I;Precipitación total diaria de 7 a 7;2009-09-30 07:00:00;0.0;Válido por rango
﻿Arquilla;6257I;Precipitación total diaria de 7 a 7;2009-11-01 07:00:00;0.0;Válido por rango
﻿Arquilla;6257I;Precipitación total diaria de 7 a 7;2009-11-02 07:00:00;0.0;Válido por rango
﻿Arquilla;6257I;Precipitación total diaria de 7 a 7;2009-11-03 07:00:00;0.0;Válido por rango
﻿Arquilla;6257I;Precipitación total diaria de 7 a 7;2009-11-04 07:00:00;0.0;Válido por rango
﻿Arquilla;6257I;Precipitación total diaria de 7 a 7;2009-11-05 07:00:00;0.0;Válido por rango
﻿Arquilla;6257I;Precipitación total diaria de 7 a 7;2009-11-06 07:00:00;0.0;Válido por rango
﻿Arquilla;6257I;Precipitación total diaria de 7 a 7;2009-11-07 07:00:00;0.0;Válido por rango
﻿Arquilla;6257I;Precipitación total diaria de 7 a 7;2009-11-08 07:00:00;0.0;Válido por rango
﻿Arquilla;6257I;Precipitación total diaria de 7 a 7;2009-11-09 07:00:00;0.0;Válido por rango
﻿Arquilla;6257I;Precipitación total diaria de 7 a 7;2009-11-10 07:00:00;0.0;Válido por rango
﻿Arquilla;6257I;Precipitación total diaria de 7 a 7;2009-11-11 07:00:00;0.0;Válido por rango
﻿Arquilla;6257I;Precipitación total diaria de 7 a 7;2009-11-12 07:00:00;0.0;Válido por rango
﻿Arquilla;6257I;Precipitación total diaria de 7 a 7;2009-11-13 07:00:00;0.0;Válido por rango
﻿Arquilla;6257I;Precipitación total diaria de 7 a 7;2009-11-14 07:00:00;0.0;Válido por rango
﻿Arquilla;6257I;Precipitación total diaria de 7 a 7;2009-11-15 07:00:00;0.0;Válido por rango
﻿Arquilla;6257I;Precipitación total diaria de 7 a 7;2009-11-16 07:00:00;0.0;Válido por rango
﻿Arquilla;6257I;Precipitación total diaria de 7 a 7;2009-11-17 07:00:00;0.0;Válido por rango
﻿Arquilla;6257I;Precipitación total diaria de 7 a 7;2009-11-18 07:00:00;0.0;Válido por rango
﻿Arquilla;6257I;Precipitación total diaria de 7 a 7;2009-11-19 07:00:00;0.3;Válido por rango
﻿Arquilla;6257I;Precipitación total diaria de 7 a 7;2009-11-20 07:00:00;0.0;Válido por rango
﻿Arquilla;6257I;Precipitación total diaria de 7 a 7;2009-11-21 07:00:00;0.0;Válido por rango
﻿Arquilla;6257I;Precipitación total diaria de 7 a 7;2009-11-22 07:00:00;0.0;Válido por rango
﻿Arquilla;6257I;Precipitación total diaria de 7 a 7;2009-11-23 07:00:00;0.0;Válido por rango
﻿Arquilla;6257I;Precipitación total diaria de 7 a 7;2009-11-24 07:00:00;0.0;Válido por rango
﻿Arquilla;6257I;Precipitación total diaria de 7 a 7;2009-11-25 07:00:00;0.5;Válido por rango
﻿Arquilla;6257I;Precipitación total diaria de 7 a 7;2009-11-26 07:00:00;0.5;Válido por rango
﻿Arquilla;6257I;Precipitación total diaria de 7 a 7;2009-11-27 07:00:00;0.0;Válido por rango
﻿Arquilla;6257I;Precipitación total diaria de 7 a 7;2009-11-28 07:00:00;0.0;Válido por rango
﻿Arquilla;6257I;Precipitación total diaria de 7 a 7;2009-11-29 07:00:00;21.7;Válido por rango
﻿Arquilla;6257I;Precipitación total diaria de 7 a 7;2009-11-30 07:00:00;0.0;Válido por rango
﻿Arquilla;6257I;Precipitación total diaria de 7 a 7;2010-01-01 07:00:00;0.0;Válido por rango
﻿Arquilla;6257I;Precipitación total diaria de 7 a 7;2010-01-02 07:00:00;0.0;Válido por rango
﻿Arquilla;6257I;Precipitación total diaria de 7 a 7;2010-01-03 07:00:00;0.0;Válido por rango
﻿Arquilla;6257I;Precipitación total diaria de 7 a 7;2010-01-04 07:00:00;29.4;Válido por rango
﻿Arquilla;6257I;Precipitación total diaria de 7 a 7;2010-01-05 07:00:00;5.7;Válido por rango
﻿Arquilla;6257I;Precipitación total diaria de 7 a 7;2010-01-06 07:00:00;11.2;Válido por rango
﻿Arquilla;6257I;Precipitación total diaria de 7 a 7;2010-01-07 07:00:00;47.0;Válido por rango
﻿Arquilla;6257I;Precipitación total diaria de 7 a 7;2010-01-08 07:00:00;0.0;Válido por rango
﻿Arquilla;6257I;Precipitación total diaria de 7 a 7;2010-01-09 07:00:00;0.0;Válido por rango
﻿Arquilla;6257I;Precipitación total diaria de 7 a 7;2010-01-10 07:00:00;7.9;Válido por rango
﻿Arquilla;6257I;Precipitación total diaria de 7 a 7;2010-01-11 07:00:00;0.0;Válido por rango
﻿Arquilla;6257I;Precipitación total diaria de 7 a 7;2010-01-12 07:00:00;8.6;Válido por rango
﻿Arquilla;6257I;Precipitación total diaria de 7 a 7;2010-01-13 07:00:00;13.4;Válido por rango
﻿Arquilla;6257I;Precipitación total diaria de 7 a 7;2010-01-14 07:00:00;6.0;Válido por rango
﻿Arquilla;6257I;Precipitación total diaria de 7 a 7;2010-01-15 07:00:00;0.0;Válido por rango
﻿Arquilla;6257I;Precipitación total diaria de 7 a 7;2010-01-16 07:00:00;0.0;Válido por rango
﻿Arquilla;6257I;Precipitación total diaria de 7 a 7;2010-01-17 07:00:00;0.0;Válido por rango
﻿Arquilla;6257I;Precipitación total diaria de 7 a 7;2010-01-18 07:00:00;0.0;Válido por rango
﻿Arquilla;6257I;Precipitación total diaria de 7 a 7;2010-01-19 07:00:00;0.0;Válido por rango
﻿Arquilla;6257I;Precipitación total diaria de 7 a 7;2010-01-20 07:00:00;0.0;Válido por rango
﻿Arquilla;6257I;Precipitación total diaria de 7 a 7;2010-01-21 07:00:00;0.0;Válido por rango
﻿Arquilla;6257I;Precipitación total diaria de 7 a 7;2010-01-22 07:00:00;0.0;Válido por rango
﻿Arquilla;6257I;Precipitación total diaria de 7 a 7;2010-01-23 07:00:00;4.0;Válido por rango
﻿Arquilla;6257I;Precipitación total diaria de 7 a 7;2010-01-24 07:00:00;0.3;Válido por rango
﻿Arquilla;6257I;Precipitación total diaria de 7 a 7;2010-01-25 07:00:00;8.4;Válido por rango
﻿Arquilla;6257I;Precipitación total diaria de 7 a 7;2010-01-26 07:00:00;12.8;Válido por rango
﻿Arquilla;6257I;Precipitación total diaria de 7 a 7;2010-01-27 07:00:00;0.0;Válido por rango
﻿Arquilla;6257I;Precipitación total diaria de 7 a 7;2010-01-28 07:00:00;0.0;Válido por rango
﻿Arquilla;6257I;Precipitación total diaria de 7 a 7;2010-01-29 07:00:00;0.0;Válido por rango
﻿Arquilla;6257I;Precipitación total diaria de 7 a 7;2010-01-30 07:00:00;0.0;Válido por rango
